Chrom,ID,n.assoc
Potra000488,Potra000488:95860,2
Potra001734,Potra001734:83642,2
Potra002191,Potra002191:26587,3
Potra002191,Potra002191:26642,3
Potra002191,Potra002191:26644,3
Potra002191,Potra002191:26650,3
Potra003381,Potra003381:18759,2
Potra000132,Potra000132:16291,2
Potra000346,Potra000346:85488,2
Potra000370,Potra000370:176312,2
Potra000389,Potra000389:31289,2
Potra000490,Potra000490:171371,2
Potra000508,Potra000508:193671,2
Potra000518,Potra000518:21707,2
Potra000531,Potra000531:148041,2
Potra000534,Potra000534:19342,2
Potra000552,Potra000552:70379,2
Potra000683,Potra000683:8926,2
Potra000736,Potra000736:61726,2
Potra000912,Potra000912:34655,2
Potra001010,Potra001010:1764,2
Potra001036,Potra001036:34780,2
Potra001038,Potra001038:117448,2
Potra001038,Potra001038:117451,2
Potra001047,Potra001047:117539,2
Potra001052,Potra001052:9578,2
Potra001193,Potra001193:5360,2
Potra001193,Potra001193:9879,2
Potra001314,Potra001314:62451,2
Potra001314,Potra001314:62593,2
Potra001362,Potra001362:7679,2
Potra001623,Potra001623:1667,2
Potra001651,Potra001651:71684,2
Potra001770,Potra001770:26502,2
Potra002016,Potra002016:42012,2
Potra002322,Potra002322:123908,2
Potra002380,Potra002380:14268,2
Potra002433,Potra002433:6171,2
Potra002433,Potra002433:6172,2
Potra002589,Potra002589:133819,2
Potra003006,Potra003006:4841,2
Potra003278,Potra003278:3114,2
Potra003278,Potra003278:3142,2
Potra003384,Potra003384:15736,2
Potra003703,Potra003703:57838,2
Potra003878,Potra003878:50948,2
Potra004373,Potra004373:10291,2
Potra004440,Potra004440:7291,2
Potra005362,Potra005362:6921,2
Potra007535,Potra007535:156,2
Potra000455,Potra000455:56889,2
Potra000455,Potra000455:57119,2
Potra000455,Potra000455:57124,2
Potra000503,Potra000503:112971,2
Potra000506,Potra000506:28872,2
Potra000741,Potra000741:5138,2
Potra000741,Potra000741:5305,2
Potra000758,Potra000758:107083,2
Potra000758,Potra000758:107089,2
Potra000805,Potra000805:50029,2
Potra000998,Potra000998:47729,2
Potra001204,Potra001204:126030,2
Potra001204,Potra001204:126042,2
Potra001633,Potra001633:17782,2
Potra001727,Potra001727:64416,2
Potra001846,Potra001846:67459,2
Potra001932,Potra001932:66456,2
Potra001932,Potra001932:66480,2
Potra001987,Potra001987:16037,2
Potra001987,Potra001987:16118,2
Potra002180,Potra002180:1789,2
Potra002217,Potra002217:26477,2
Potra002217,Potra002217:26488,2
Potra002334,Potra002334:100531,2
Potra002334,Potra002334:110672,2
Potra002565,Potra002565:36035,2
Potra003081,Potra003081:22565,2
Potra004253,Potra004253:1183,2
Potra000653,Potra000653:70958,2
Potra001426,Potra001426:17896,2
Potra001426,Potra001426:17964,2
Potra001426,Potra001426:18036,2
Potra001546,Potra001546:34198,2
Potra001546,Potra001546:34220,2
